,RegionID,SizeRank,RegionName,RegionType,StateName,2018-01-31,2018-02-28,2018-03-31,2018-04-30,2018-05-31,2018-06-30,2018-07-31,2018-08-31,2018-09-30,2018-10-31,2018-11-30,2018-12-31,2019-01-31,2019-02-28,2019-03-31,2019-04-30,2019-05-31,2019-06-30,2019-07-31,2019-08-31,2019-09-30,2019-10-31,2019-11-30,2019-12-31,2020-01-31,2020-02-29,2020-03-31,2020-04-30,2020-05-31,2020-06-30,2020-07-31,2020-08-31,2020-09-30
0,102001,0,United States,Country,,37.0,32.0,26.0,19.0,18.0,18.0,20.0,22.0,25.0,28.0,31.0,36.0,40.0,37.0,31.0,23.0,20.0,20.0,21.0,24.0,26.0,27.0,30.0,35.0,38.0,35.0,26.0,19.0,18.0,18.0,16.0,14.0,13.0
1,394913,1,"New York, NY",Msa,NY,63.0,56.0,46.0,35.0,36.0,39.0,42.0,47.0,51.0,53.0,55.0,59.0,66.0,65.0,57.0,46.0,43.0,44.0,48.0,54.0,58.0,58.0,58.0,61.0,70.0,68.0,59.0,48.0,48.0,43.0,37.0,28.0,29.0
2,753899,2,"Los Angeles-Long Beach-Anaheim, CA",Msa,CA,21.0,19.0,16.0,14.0,15.0,15.0,17.0,19.0,22.0,24.0,27.0,31.0,35.0,34.0,28.0,22.0,20.0,20.0,20.0,21.0,22.0,23.0,24.0,26.0,25.0,21.0,15.0,14.0,15.0,16.0,14.0,14.0,13.0
3,394463,3,"Chicago, IL",Msa,IL,48.0,40.0,26.0,15.0,13.0,15.0,17.0,21.0,25.0,29.0,34.0,42.0,50.0,45.0,33.0,19.0,17.0,18.0,21.0,24.0,28.0,32.0,37.0,45.0,52.0,45.0,33.0,21.0,20.0,19.0,16.0,14.0,13.0
4,394514,4,"Dallas-Fort Worth, TX",Msa,TX,35.0,31.0,26.0,21.0,20.0,21.0,22.0,25.0,28.0,32.0,35.0,37.0,41.0,38.0,34.0,28.0,26.0,26.0,28.0,30.0,34.0,36.0,39.0,42.0,45.0,41.0,35.0,28.0,27.0,27.0,25.0,24.0,23.0
5,394974,5,"Philadelphia, PA",Msa,PA,47.0,48.0,41.0,30.0,26.0,27.0,28.0,27.0,27.0,28.0,30.0,36.0,41.0,38.0,29.0,20.0,16.0,17.0,19.0,22.0,23.0,23.0,24.0,31.0,36.0,32.0,22.0,16.0,15.0,15.0,11.0,9.0,11.0
6,394692,6,"Houston, TX",Msa,TX,35.0,31.0,25.0,18.0,16.0,17.0,19.0,22.0,27.0,31.0,33.0,35.0,37.0,41.0,35.0,29.0,21.0,21.0,23.0,26.0,30.0,33.0,35.0,37.0,41.0,37.0,29.0,23.0,22.0,23.0,20.0,18.0,17.0
7,395209,7,"Washington, DC",Msa,DC,41.0,41.0,35.0,26.0,24.0,21.0,19.0,18.0,19.0,21.0,24.0,30.0,32.0,27.0,17.0,11.0,10.0,12.0,15.0,17.0,18.0,18.0,20.0,25.0,25.0,20.0,12.0,9.0,9.0,10.0,8.0,7.0,9.0
8,394856,8,"Miami-Fort Lauderdale, FL",Msa,FL,43.0,41.0,38.0,36.0,36.0,37.0,36.0,36.0,36.0,38.0,40.0,43.0,49.0,50.0,49.0,46.0,45.0,44.0,42.0,42.0,43.0,43.0,43.0,44.0,48.0,46.0,42.0,38.0,41.0,41.0,39.0,33.0,29.0
9,394347,9,"Atlanta, GA",Msa,GA,25.0,21.0,15.0,11.0,10.0,10.0,11.0,13.0,15.0,17.0,20.0,24.0,26.0,26.0,21.0,17.0,14.0,14.0,16.0,18.0,20.0,22.0,24.0,28.0,32.0,30.0,23.0,18.0,17.0,19.0,18.0,16.0,15.0
10,394404,10,"Boston, MA",Msa,MA,20.0,17.0,12.0,8.0,8.0,8.0,9.0,11.0,12.0,13.0,17.0,24.0,26.0,23.0,15.0,10.0,9.0,9.0,11.0,13.0,14.0,15.0,17.0,25.0,26.0,22.0,13.0,9.0,8.0,8.0,8.0,7.0,7.0
11,395057,11,"San Francisco, CA",Msa,CA,14.0,13.0,12.0,12.0,12.0,12.0,13.0,14.0,15.0,16.0,19.0,24.0,24.0,21.0,16.0,14.0,14.0,14.0,15.0,16.0,16.0,16.0,18.0,24.0,22.0,20.0,13.0,13.0,13.0,13.0,13.0,12.0,11.0
12,394532,12,"Detroit, MI",Msa,MI,30.0,25.0,18.0,10.0,8.0,8.0,9.0,11.0,14.0,17.0,21.0,27.0,32.0,32.0,25.0,16.0,11.0,11.0,13.0,16.0,19.0,23.0,26.0,31.0,38.0,36.0,27.0,20.0,16.0,15.0,9.0,8.0,8.0
13,395025,13,"Riverside, CA",Msa,CA,27.0,24.0,21.0,17.0,18.0,18.0,20.0,23.0,27.0,29.0,32.0,36.0,41.0,40.0,35.0,28.0,26.0,24.0,24.0,24.0,25.0,26.0,27.0,30.0,32.0,30.0,23.0,19.0,18.0,18.0,15.0,12.0,10.0
14,394976,14,"Phoenix, AZ",Msa,AZ,33.0,31.0,27.0,25.0,25.0,25.0,26.0,26.0,25.0,25.0,28.0,32.0,35.0,33.0,31.0,27.0,27.0,25.0,25.0,23.0,21.0,20.0,21.0,24.0,24.0,22.0,17.0,15.0,17.0,19.0,18.0,14.0,11.0
15,395078,15,"Seattle, WA",Msa,WA,12.0,10.0,7.0,7.0,7.0,7.0,8.0,11.0,14.0,18.0,23.0,30.0,29.0,22.0,12.0,8.0,7.0,8.0,9.0,11.0,12.0,13.0,14.0,17.0,14.0,11.0,6.0,6.0,6.0,6.0,6.0,6.0,6.0
16,394865,16,"Minneapolis-St Paul, MN",Msa,MN,38.0,32.0,24.0,17.0,16.0,17.0,19.0,22.0,24.0,27.0,31.0,38.0,44.0,38.0,29.0,19.0,18.0,18.0,19.0,22.0,24.0,27.0,30.0,36.0,39.0,35.0,25.0,18.0,17.0,17.0,17.0,17.0,17.0
17,395056,17,"San Diego, CA",Msa,CA,19.0,17.0,14.0,13.0,14.0,15.0,22.0,24.0,27.0,27.0,31.0,35.0,38.0,36.0,30.0,23.0,20.0,19.0,20.0,22.0,23.0,24.0,25.0,27.0,24.0,20.0,13.0,16.0,16.0,17.0,11.0,9.0,8.0
18,395121,18,"St. Louis, MO",Msa,MO,39.0,35.0,27.0,19.0,18.0,18.0,19.0,20.0,24.0,26.0,29.0,35.0,40.0,35.0,25.0,13.0,10.0,10.0,12.0,13.0,15.0,16.0,19.0,25.0,30.0,26.0,18.0,10.0,8.0,8.0,7.0,7.0,6.0
19,395148,19,"Tampa, FL",Msa,FL,23.0,22.0,20.0,19.0,18.0,18.0,18.0,19.0,21.0,22.0,22.0,24.0,28.0,29.0,27.0,24.0,23.0,21.0,20.0,20.0,21.0,24.0,25.0,28.0,27.0,25.0,20.0,17.0,17.0,17.0,14.0,11.0,9.0
20,394358,20,"Baltimore, MD",Msa,MD,46.0,46.0,38.0,28.0,26.0,25.0,26.0,26.0,27.0,30.0,33.0,41.0,45.0,42.0,31.0,20.0,17.0,19.0,22.0,26.0,28.0,30.0,30.0,34.0,39.0,35.0,26.0,16.0,14.0,14.0,12.0,11.0,13.0
21,394530,21,"Denver, CO",Msa,CO,12.0,9.0,6.0,6.0,6.0,6.0,7.0,9.0,12.0,15.0,18.0,23.0,22.0,18.0,11.0,8.0,7.0,8.0,11.0,14.0,16.0,17.0,19.0,23.0,21.0,15.0,8.0,7.0,7.0,7.0,6.0,6.0,5.0
22,394982,22,"Pittsburgh, PA",Msa,PA,60.0,59.0,48.0,32.0,25.0,22.0,22.0,22.0,26.0,30.0,34.0,40.0,46.0,46.0,37.0,25.0,18.0,18.0,18.0,20.0,20.0,23.0,26.0,33.0,39.0,36.0,27.0,22.0,19.0,17.0,9.0,8.0,9.0
23,394998,23,"Portland, OR",Msa,OR,26.0,20.0,13.0,8.0,8.0,9.0,11.0,15.0,19.0,24.0,29.0,34.0,35.0,29.0,20.0,12.0,10.0,10.0,12.0,15.0,17.0,21.0,23.0,31.0,31.0,25.0,13.0,8.0,8.0,8.0,7.0,6.0,6.0
24,394458,24,"Charlotte, NC",Msa,NC,19.0,15.0,10.0,9.0,9.0,10.0,11.0,13.0,15.0,17.0,19.0,22.0,22.0,21.0,15.0,12.0,10.0,11.0,12.0,13.0,14.0,16.0,17.0,20.0,21.0,18.0,13.0,10.0,10.0,10.0,9.0,7.0,6.0
25,395045,25,"Sacramento, CA",Msa,CA,19.0,15.0,11.0,10.0,10.0,10.0,12.0,15.0,18.0,21.0,24.0,28.0,31.0,27.0,19.0,12.0,11.0,11.0,12.0,14.0,15.0,16.0,18.0,21.0,20.0,16.0,10.0,9.0,9.0,10.0,10.0,8.0,7.0
26,395055,26,"San Antonio, TX",Msa,TX,49.0,45.0,40.0,32.0,31.0,30.0,31.0,32.0,34.0,38.0,41.0,43.0,45.0,43.0,40.0,34.0,32.0,32.0,34.0,36.0,39.0,42.0,44.0,47.0,52.0,50.0,44.0,35.0,32.0,31.0,29.0,27.0,26.0
27,394943,27,"Orlando, FL",Msa,FL,25.0,22.0,18.0,15.0,15.0,15.0,17.0,18.0,21.0,23.0,26.0,28.0,29.0,28.0,25.0,21.0,19.0,18.0,20.0,22.0,25.0,27.0,27.0,28.0,26.0,24.0,18.0,15.0,15.0,16.0,15.0,13.0,12.0
28,394466,28,"Cincinnati, OH",Msa,OH,27.0,23.0,16.0,10.0,8.0,8.0,9.0,11.0,13.0,16.0,18.0,23.0,26.0,24.0,17.0,11.0,8.0,8.0,8.0,9.0,10.0,12.0,14.0,17.0,18.0,15.0,10.0,7.0,5.0,5.0,4.0,4.0,4.0
29,394475,29,"Cleveland, OH",Msa,OH,56.0,54.0,47.0,37.0,33.0,32.0,34.0,36.0,40.0,42.0,45.0,48.0,51.0,50.0,43.0,36.0,32.0,32.0,33.0,35.0,38.0,40.0,43.0,46.0,48.0,45.0,35.0,27.0,22.0,,,,16.0
30,394735,30,"Kansas City, MO",Msa,MO,29.0,26.0,20.0,16.0,15.0,16.0,17.0,19.0,23.0,22.0,22.0,22.0,24.0,23.0,16.0,10.0,7.0,7.0,9.0,11.0,13.0,14.0,16.0,21.0,24.0,21.0,14.0,8.0,6.0,6.0,4.0,4.0,4.0
31,394775,31,"Las Vegas, NV",Msa,NV,36.0,32.0,27.0,25.0,20.0,17.0,10.0,14.0,16.0,20.0,24.0,28.0,34.0,33.0,31.0,27.0,27.0,26.0,28.0,30.0,31.0,32.0,33.0,36.0,38.0,33.0,24.0,17.0,18.0,21.0,21.0,18.0,16.0
32,394492,32,"Columbus, OH",Msa,OH,15.0,12.0,9.0,6.0,5.0,5.0,6.0,7.0,9.0,11.0,13.0,17.0,19.0,17.0,10.0,6.0,5.0,5.0,6.0,7.0,8.0,10.0,12.0,15.0,15.0,13.0,8.0,5.0,4.0,4.0,4.0,4.0,4.0
33,394705,33,"Indianapolis, IN",Msa,IN,35.0,31.0,23.0,16.0,11.0,9.0,8.0,10.0,12.0,15.0,18.0,24.0,29.0,28.0,20.0,12.0,7.0,7.0,8.0,10.0,11.0,13.0,15.0,20.0,24.0,21.0,14.0,8.0,6.0,6.0,5.0,5.0,4.0
34,395059,34,"San Jose, CA",Msa,CA,11.0,10.0,10.0,9.0,10.0,10.0,12.0,15.0,16.0,18.0,21.0,28.0,27.0,23.0,16.0,15.0,15.0,16.0,20.0,22.0,24.0,22.0,24.0,28.0,26.0,21.0,12.0,12.0,15.0,18.0,17.0,16.0,14.0
35,394355,35,"Austin, TX",Msa,TX,30.0,23.0,16.0,10.0,10.0,11.0,14.0,18.0,24.0,28.0,31.0,35.0,35.0,28.0,18.0,11.0,10.0,11.0,13.0,16.0,18.0,19.0,21.0,23.0,22.0,18.0,11.0,9.0,9.0,9.0,8.0,8.0,7.0
36,395194,36,"Virginia Beach, VA",Msa,VA,60.0,61.0,54.0,44.0,39.0,40.0,42.0,45.0,50.0,55.0,57.0,63.0,66.0,65.0,54.0,43.0,36.0,36.0,38.0,41.0,44.0,46.0,51.0,61.0,68.0,71.0,60.0,60.0,56.0,57.0,46.0,37.0,32.0
37,394902,37,"Nashville, TN",Msa,TN,24.0,20.0,15.0,11.0,11.0,14.0,16.0,18.0,20.0,23.0,24.0,27.0,31.0,31.0,27.0,21.0,17.0,17.0,20.0,26.0,32.0,36.0,40.0,46.0,47.0,43.0,37.0,33.0,33.0,32.0,33.0,34.0,35.0
38,395005,38,"Providence, RI",Msa,RI,43.0,39.0,31.0,20.0,18.0,17.0,20.0,24.0,31.0,34.0,40.0,43.0,50.0,51.0,43.0,30.0,22.0,21.0,24.0,28.0,30.0,31.0,33.0,37.0,43.0,40.0,31.0,22.0,19.0,17.0,14.0,11.0,10.0
39,394862,39,"Milwaukee, WI",Msa,WI,32.0,28.0,16.0,9.0,9.0,9.0,9.0,9.0,12.0,19.0,28.0,29.0,26.0,,23.0,28.0,28.0,32.0,32.0,34.0,36.0,39.0,43.0,48.0,55.0,58.0,49.0,40.0,32.0,31.0,29.0,25.0,26.0
40,394714,40,"Jacksonville, FL",Msa,FL,37.0,33.0,31.0,28.0,29.0,31.0,32.0,34.0,35.0,37.0,39.0,41.0,45.0,44.0,40.0,36.0,32.0,28.0,25.0,25.0,27.0,28.0,29.0,31.0,33.0,31.0,24.0,20.0,21.0,23.0,20.0,16.0,14.0
41,394849,41,"Memphis, TN",Msa,TN,42.0,41.0,37.0,26.0,25.0,24.0,26.0,28.0,32.0,32.0,35.0,33.0,35.0,31.0,29.0,21.0,16.0,10.0,11.0,13.0,16.0,16.0,17.0,19.0,20.0,18.0,13.0,9.0,8.0,7.0,7.0,6.0,6.0
42,394935,42,"Oklahoma City, OK",Msa,OK,39.0,45.0,40.0,26.0,19.0,23.0,20.0,21.0,25.0,30.0,33.0,39.0,40.0,41.0,34.0,27.0,19.0,16.0,16.0,17.0,20.0,23.0,25.0,30.0,31.0,29.0,20.0,15.0,13.0,12.0,10.0,10.0,9.0
43,394807,43,"Louisville-Jefferson County, KY",Msa,KY,32.0,27.0,19.0,11.0,10.0,12.0,13.0,14.0,15.0,17.0,20.0,26.0,31.0,30.0,23.0,16.0,13.0,13.0,13.0,14.0,15.0,17.0,18.0,24.0,29.0,27.0,18.0,11.0,9.0,9.0,7.0,6.0,5.0
44,394669,44,"Hartford, CT",Msa,CT,74.0,56.0,43.0,20.0,18.0,16.0,21.0,26.0,30.0,33.0,36.0,44.0,53.0,50.0,37.0,22.0,16.0,17.0,20.0,24.0,27.0,29.0,33.0,41.0,48.0,44.0,31.0,19.0,14.0,13.0,10.0,8.0,8.0
45,395022,45,"Richmond, VA",Msa,VA,37.0,31.0,19.0,9.0,9.0,11.0,16.0,18.0,21.0,21.0,24.0,26.0,27.0,22.0,16.0,11.0,9.0,9.0,11.0,13.0,15.0,17.0,21.0,30.0,31.0,26.0,13.0,8.0,7.0,7.0,7.0,5.0,5.0
46,394910,46,"New Orleans, LA",Msa,LA,46.0,45.0,35.0,29.0,26.0,28.0,29.0,32.0,33.0,33.0,32.0,35.0,41.0,41.0,37.0,28.0,25.0,20.0,21.0,25.0,30.0,31.0,31.0,35.0,39.0,37.0,30.0,24.0,21.0,21.0,18.0,16.0,15.0
47,394425,47,"Buffalo, NY",Msa,NY,41.0,37.0,28.0,17.0,13.0,13.0,14.0,16.0,19.0,23.0,27.0,32.0,36.0,35.0,28.0,19.0,14.0,12.0,14.0,16.0,18.0,19.0,24.0,31.0,35.0,31.0,21.0,19.0,18.0,16.0,10.0,9.0,9.0
48,395012,48,"Raleigh, NC",Msa,NC,16.0,13.0,8.0,6.0,7.0,7.0,9.0,10.0,11.0,12.0,13.0,15.0,16.0,15.0,11.0,8.0,8.0,8.0,10.0,11.0,11.0,12.0,14.0,18.0,18.0,14.0,8.0,7.0,6.0,7.0,6.0,5.0,5.0
49,394388,49,"Birmingham, AL",Msa,AL,42.0,34.0,24.0,14.0,13.0,13.0,15.0,18.0,20.0,24.0,25.0,28.0,30.0,27.0,20.0,13.0,12.0,13.0,14.0,16.0,17.0,19.0,20.0,23.0,23.0,21.0,15.0,12.0,10.0,10.0,9.0,9.0,8.0
50,395053,50,"Salt Lake City, UT",Msa,UT,25.0,20.0,13.0,7.0,8.0,9.0,11.0,11.0,14.0,16.0,20.0,24.0,27.0,24.0,17.0,11.0,9.0,10.0,12.0,15.0,16.0,17.0,18.0,21.0,19.0,12.0,7.0,7.0,8.0,11.0,9.0,8.0,6.0
51,395031,51,"Rochester, NY",Msa,NY,46.0,39.0,30.0,17.0,15.0,15.0,17.0,20.0,23.0,25.0,28.0,35.0,39.0,36.0,25.0,16.0,13.0,12.0,14.0,16.0,17.0,21.0,24.0,31.0,32.0,28.0,19.0,15.0,13.0,12.0,9.0,8.0,9.0
52,394640,52,"Grand Rapids, MI",Msa,MI,22.0,17.0,13.0,7.0,6.0,6.0,7.0,8.0,11.0,13.0,15.0,16.0,16.0,16.0,13.0,11.0,7.0,7.0,7.0,9.0,11.0,12.0,15.0,20.0,29.0,27.0,20.0,11.0,9.0,,,,5.0
53,395167,53,"Tucson, AZ",Msa,AZ,28.0,27.0,22.0,18.0,17.0,16.0,16.0,16.0,16.0,16.0,18.0,21.0,24.0,24.0,24.0,19.0,18.0,15.0,15.0,15.0,15.0,14.0,15.0,18.0,19.0,17.0,12.0,10.0,10.0,11.0,9.0,7.0,5.0
54,395169,55,"Tulsa, OK",Msa,OK,50.0,47.0,41.0,33.0,30.0,29.0,29.0,32.0,36.0,39.0,44.0,51.0,53.0,51.0,41.0,32.0,30.0,30.0,31.0,28.0,30.0,30.0,30.0,33.0,35.0,34.0,26.0,21.0,18.0,16.0,13.0,11.0,11.0
55,394619,56,"Fresno, CA",Msa,CA,16.0,14.0,14.0,14.0,13.0,11.0,13.0,13.0,16.0,15.0,20.0,24.0,28.0,27.0,23.0,18.0,17.0,18.0,20.0,19.0,18.0,18.0,24.0,27.0,30.0,24.0,17.0,17.0,19.0,21.0,15.0,11.0,8.0
56,395238,57,"Worcester, MA",Msa,MA,32.0,26.0,20.0,12.0,10.0,9.0,11.0,14.0,16.0,18.0,21.0,30.0,34.0,31.0,21.0,13.0,9.0,9.0,11.0,13.0,14.0,15.0,17.0,21.0,24.0,21.0,15.0,10.0,8.0,8.0,7.0,7.0,7.0
57,394415,58,"Stamford, CT",Msa,CT,73.0,54.0,49.0,24.0,22.0,25.0,33.0,38.0,40.0,40.0,43.0,49.0,52.0,46.0,36.0,27.0,24.0,27.0,32.0,40.0,43.0,45.0,47.0,61.0,67.0,57.0,37.0,28.0,29.0,28.0,21.0,17.0,17.0
58,394312,59,"Albuquerque, NM",Msa,NM,41.0,36.0,28.0,18.0,15.0,14.0,16.0,20.0,25.0,29.0,32.0,35.0,38.0,33.0,25.0,16.0,14.0,14.0,14.0,15.0,17.0,18.0,20.0,23.0,24.0,19.0,12.0,8.0,7.0,7.0,6.0,5.0,5.0
59,394308,60,"Albany, NY",Msa,NY,55.0,50.0,42.0,25.0,21.0,20.0,22.0,25.0,29.0,31.0,35.0,45.0,53.0,55.0,42.0,28.0,18.0,17.0,18.0,20.0,24.0,28.0,35.0,45.0,54.0,50.0,34.0,23.0,17.0,,,,9.0
60,394938,61,"Omaha, NE",Msa,NE,28.0,19.0,7.0,8.0,10.0,12.0,14.0,16.0,21.0,21.0,23.0,25.0,33.0,34.0,31.0,21.0,16.0,14.0,14.0,14.0,15.0,21.0,27.0,32.0,37.0,35.0,27.0,15.0,11.0,12.0,12.0,12.0,17.0
61,394908,62,"New Haven, CT",Msa,CT,70.0,50.0,49.0,27.0,20.0,19.0,22.0,25.0,29.0,33.0,38.0,43.0,49.0,45.0,35.0,21.0,17.0,18.0,21.0,25.0,28.0,29.0,32.0,39.0,42.0,37.0,25.0,19.0,16.0,15.0,10.0,7.0,7.0
62,394357,63,"Bakersfield, CA",Msa,CA,37.0,33.0,25.0,23.0,24.0,25.0,24.0,24.0,26.0,30.0,34.0,39.0,40.0,35.0,32.0,28.0,27.0,24.0,26.0,28.0,27.0,27.0,32.0,36.0,47.0,42.0,38.0,26.0,27.0,26.0,23.0,17.0,15.0
63,394753,64,"Knoxville, TN",Msa,TN,35.0,34.0,26.0,17.0,14.0,15.0,16.0,17.0,19.0,21.0,24.0,28.0,31.0,28.0,21.0,14.0,11.0,13.0,13.0,14.0,13.0,14.0,16.0,21.0,25.0,23.0,16.0,10.0,9.0,10.0,9.0,7.0,6.0
64,394653,65,"Greenville, SC",Msa,SC,23.0,21.0,15.0,12.0,11.0,12.0,13.0,15.0,17.0,19.0,23.0,29.0,30.0,27.0,19.0,15.0,13.0,14.0,15.0,17.0,20.0,23.0,25.0,30.0,31.0,29.0,21.0,15.0,14.0,14.0,13.0,11.0,9.0
65,394952,66,"Ventura, CA",Msa,CA,22.0,19.0,15.0,13.0,13.0,15.0,18.0,21.0,23.0,26.0,31.0,36.0,38.0,34.0,27.0,21.0,18.0,18.0,20.0,22.0,24.0,24.0,25.0,27.0,28.0,24.0,16.0,14.0,15.0,16.0,14.0,11.0,10.0
66,394318,67,"Allentown, PA",Msa,PA,52.0,54.0,49.0,45.0,36.0,38.0,41.0,42.0,42.0,41.0,51.0,54.0,55.0,56.0,55.0,51.0,42.0,38.0,37.0,42.0,42.0,50.0,48.0,58.0,59.0,61.0,48.0,43.0,42.0,42.0,32.0,25.0,24.0
67,394561,68,"El Paso, TX",Msa,TX,56.0,51.0,49.0,47.0,45.0,45.0,41.0,41.0,41.0,42.0,45.0,47.0,,,,,,,,,97.0,87.0,,,,,,90.0,90.0,,76.0,,28.0
68,394367,69,"Baton Rouge, LA",Msa,LA,32.0,30.0,27.0,33.0,39.0,47.0,40.0,37.0,31.0,39.0,40.0,57.0,51.0,40.0,26.0,35.0,50.0,53.0,53.0,57.0,61.0,57.0,55.0,57.0,64.0,62.0,52.0,39.0,37.0,36.0,33.0,28.0,25.0
69,394521,70,"Dayton, OH",Msa,OH,32.0,29.0,23.0,16.0,13.0,12.0,13.0,15.0,18.0,19.0,24.0,31.0,36.0,36.0,27.0,17.0,9.0,7.0,9.0,10.0,11.0,12.0,13.0,20.0,21.0,19.0,11.0,7.0,6.0,5.0,4.0,4.0,4.0
70,394843,71,"McAllen, TX",Msa,TX,55.0,50.0,54.0,55.0,49.0,51.0,57.0,57.0,47.0,45.0,45.0,58.0,76.0,79.0,70.0,60.0,64.0,74.0,79.0,86.0,81.0,81.0,73.0,83.0,77.0,75.0,61.0,56.0,58.0,60.0,58.0,48.0,39.0
71,394486,72,"Columbia, SC",Msa,SC,49.0,46.0,41.0,34.0,31.0,30.0,25.0,26.0,35.0,44.0,43.0,37.0,33.0,31.0,28.0,24.0,28.0,28.0,30.0,31.0,39.0,48.0,61.0,65.0,67.0,48.0,45.0,43.0,43.0,33.0,23.0,21.0,22.0
72,394648,73,"Greensboro, NC",Msa,NC,52.0,54.0,50.0,44.0,36.0,34.0,32.0,27.0,23.0,18.0,19.0,23.0,28.0,26.0,19.0,12.0,10.0,10.0,10.0,10.0,12.0,13.0,13.0,17.0,19.0,18.0,12.0,10.0,9.0,9.0,7.0,6.0,6.0
73,394304,74,"Akron, OH",Msa,OH,57.0,56.0,50.0,40.0,33.0,33.0,33.0,34.0,36.0,39.0,43.0,47.0,51.0,50.0,43.0,35.0,28.0,28.0,29.0,31.0,34.0,36.0,38.0,42.0,46.0,46.0,37.0,28.0,23.0,,,,15.0
74,753906,75,"North Port-Sarasota-Bradenton, FL",Msa,FL,44.0,45.0,44.0,43.0,46.0,47.0,46.0,44.0,42.0,38.0,37.0,38.0,43.0,43.0,46.0,48.0,53.0,53.0,51.0,48.0,42.0,38.0,35.0,37.0,38.0,36.0,33.0,31.0,38.0,39.0,35.0,25.0,20.0
75,394798,76,"Little Rock, AR",Msa,AR,58.0,53.0,53.0,31.0,35.0,36.0,41.0,40.0,44.0,48.0,56.0,59.0,58.0,50.0,40.0,39.0,37.0,35.0,30.0,31.0,34.0,41.0,60.0,71.0,77.0,67.0,54.0,43.0,31.0,26.0,17.0,14.0,16.0
76,395134,77,"Stockton, CA",Msa,CA,18.0,15.0,13.0,11.0,11.0,12.0,14.0,15.0,17.0,19.0,23.0,28.0,33.0,31.0,25.0,18.0,15.0,15.0,16.0,18.0,18.0,20.0,21.0,27.0,28.0,25.0,16.0,12.0,11.0,12.0,10.0,8.0,7.0
77,394457,78,"Charleston, SC",Msa,SC,33.0,30.0,23.0,17.0,17.0,18.0,19.0,23.0,26.0,28.0,30.0,33.0,38.0,36.0,30.0,22.0,22.0,23.0,25.0,26.0,29.0,30.0,31.0,33.0,37.0,34.0,27.0,20.0,20.0,20.0,19.0,17.0,14.0
78,395143,79,"Syracuse, NY",Msa,NY,66.0,68.0,61.0,50.0,38.0,34.0,33.0,36.0,43.0,48.0,51.0,55.0,62.0,66.0,57.0,44.0,30.0,24.0,23.0,25.0,29.0,33.0,36.0,44.0,52.0,48.0,34.0,26.0,22.0,,,,9.0
79,394484,80,"Colorado Springs, CO",Msa,CO,16.0,12.0,7.0,6.0,7.0,8.0,10.0,13.0,16.0,19.0,19.0,24.0,22.0,20.0,13.0,8.0,8.0,8.0,10.0,12.0,16.0,20.0,20.0,18.0,17.0,15.0,12.0,9.0,9.0,11.0,12.0,13.0,19.0
80,395235,81,"Winston-Salem, NC",Msa,NC,53.0,57.0,51.0,43.0,36.0,36.0,33.0,28.0,24.0,21.0,23.0,26.0,27.0,22.0,15.0,11.0,10.0,11.0,11.0,12.0,13.0,13.0,14.0,19.0,19.0,18.0,11.0,9.0,9.0,9.0,7.0,6.0,5.0
81,395224,82,"Wichita, KS",Msa,KS,45.0,43.0,34.0,25.0,19.0,18.0,18.0,20.0,23.0,24.0,24.0,30.0,36.0,39.0,31.0,22.0,16.0,14.0,14.0,14.0,15.0,18.0,19.0,23.0,23.0,23.0,18.0,13.0,9.0,8.0,7.0,6.0,6.0
82,395115,83,"Springfield, MA",Msa,MA,40.0,35.0,28.0,17.0,13.0,12.0,14.0,18.0,22.0,25.0,29.0,31.0,39.0,36.0,30.0,17.0,12.0,12.0,13.0,15.0,16.0,16.0,19.0,29.0,36.0,33.0,21.0,12.0,9.0,9.0,7.0,7.0,7.0
83,394440,84,"Fort Myers, FL",Msa,FL,43.0,43.0,43.0,45.0,48.0,51.0,50.0,49.0,48.0,47.0,46.0,46.0,51.0,52.0,55.0,56.0,60.0,62.0,65.0,64.0,62.0,54.0,48.0,47.0,51.0,51.0,49.0,46.0,50.0,50.0,50.0,40.0,34.0
84,394399,85,"Boise City, ID",Msa,ID,24.0,20.0,15.0,8.0,7.0,7.0,8.0,9.0,11.0,15.0,18.0,23.0,28.0,26.0,19.0,10.0,9.0,9.0,10.0,12.0,14.0,16.0,18.0,23.0,23.0,19.0,11.0,7.0,8.0,9.0,7.0,6.0,5.0
85,395160,86,"Toledo, OH",Msa,OH,45.0,40.0,32.0,20.0,15.0,13.0,13.0,15.0,19.0,22.0,27.0,35.0,40.0,40.0,29.0,20.0,12.0,10.0,11.0,12.0,15.0,17.0,20.0,24.0,32.0,29.0,23.0,13.0,10.0,8.0,6.0,6.0,6.0
86,394816,87,"Madison, WI",Msa,WI,55.0,48.0,33.0,27.0,25.0,29.0,30.0,34.0,37.0,42.0,47.0,55.0,58.0,55.0,40.0,29.0,24.0,24.0,28.0,31.0,34.0,38.0,44.0,53.0,61.0,55.0,42.0,29.0,27.0,24.0,21.0,19.0,23.0
87,394766,88,"Lakeland, FL",Msa,FL,25.0,25.0,23.0,20.0,19.0,19.0,19.0,20.0,20.0,21.0,21.0,27.0,31.0,32.0,30.0,26.0,27.0,25.0,25.0,23.0,22.0,25.0,26.0,29.0,30.0,29.0,25.0,20.0,18.0,19.0,17.0,15.0,11.0
88,394931,89,"Ogden, UT",Msa,UT,21.0,17.0,12.0,8.0,9.0,10.0,11.0,10.0,12.0,15.0,20.0,23.0,24.0,21.0,17.0,13.0,10.0,10.0,11.0,12.0,14.0,17.0,20.0,24.0,23.0,19.0,12.0,10.0,8.0,10.0,8.0,7.0,5.0
89,394528,90,"Daytona Beach, FL",Msa,FL,36.0,38.0,38.0,30.0,24.0,22.0,23.0,30.0,35.0,40.0,38.0,42.0,49.0,46.0,44.0,38.0,42.0,43.0,43.0,44.0,47.0,47.0,42.0,40.0,40.0,40.0,32.0,28.0,29.0,32.0,30.0,24.0,18.0
90,394531,91,"Des Moines, IA",Msa,IA,34.0,30.0,23.0,16.0,14.0,15.0,16.0,19.0,21.0,23.0,26.0,32.0,37.0,37.0,32.0,25.0,22.0,20.0,21.0,24.0,26.0,31.0,36.0,44.0,55.0,54.0,43.0,28.0,24.0,22.0,20.0,17.0,18.0
91,394711,92,"Jackson, MS",Msa,MS,51.0,45.0,41.0,34.0,33.0,30.0,27.0,29.0,31.0,35.0,40.0,48.0,56.0,51.0,39.0,27.0,23.0,24.0,25.0,30.0,30.0,32.0,33.0,38.0,42.0,39.0,32.0,25.0,22.0,22.0,19.0,18.0,16.0
92,394352,94,"Augusta, GA",Msa,GA,43.0,38.0,32.0,15.0,20.0,21.0,22.0,24.0,29.0,32.0,32.0,33.0,45.0,61.0,61.0,51.0,41.0,39.0,33.0,28.0,28.0,31.0,30.0,33.0,35.0,35.0,28.0,21.0,18.0,15.0,12.0,10.0,9.0
93,394666,96,"Harrisburg, PA",Msa,PA,46.0,47.0,36.0,22.0,14.0,13.0,14.0,16.0,20.0,23.0,25.0,27.0,31.0,29.0,22.0,14.0,11.0,11.0,13.0,14.0,14.0,15.0,17.0,19.0,22.0,20.0,16.0,14.0,12.0,12.0,8.0,6.0,11.0
94,395006,100,"Provo, UT",Msa,UT,28.0,26.0,18.0,10.0,12.0,12.0,13.0,13.0,17.0,20.0,23.0,25.0,26.0,22.0,18.0,14.0,14.0,15.0,17.0,17.0,20.0,21.0,27.0,29.0,28.0,20.0,11.0,10.0,10.0,13.0,10.0,8.0,6.0
95,394549,104,"Durham, NC",Msa,NC,17.0,13.0,9.0,6.0,6.0,7.0,8.0,10.0,12.0,14.0,16.0,19.0,21.0,17.0,11.0,7.0,6.0,8.0,9.0,11.0,11.0,12.0,15.0,20.0,21.0,17.0,10.0,7.0,7.0,7.0,6.0,6.0,6.0
96,394995,119,"Port St. Lucie, FL",Msa,FL,45.0,45.0,41.0,36.0,37.0,38.0,41.0,42.0,40.0,37.0,35.0,39.0,48.0,49.0,49.0,47.0,48.0,50.0,49.0,51.0,48.0,49.0,46.0,50.0,48.0,45.0,41.0,39.0,45.0,48.0,46.0,39.0,32.0
97,395183,124,"Vallejo, CA",Msa,CA,17.0,15.0,13.0,11.0,12.0,12.0,13.0,16.0,20.0,24.0,27.0,30.0,35.0,33.0,27.0,18.0,15.0,16.0,17.0,19.0,20.0,22.0,24.0,25.0,26.0,22.0,16.0,12.0,13.0,15.0,13.0,11.0,10.0
98,394746,128,"Killeen, TX",Msa,TX,44.0,39.0,28.0,19.0,15.0,14.0,15.0,17.0,22.0,27.0,33.0,33.0,32.0,26.0,20.0,15.0,12.0,12.0,13.0,14.0,15.0,18.0,18.0,21.0,23.0,23.0,17.0,13.0,11.0,10.0,7.0,6.0,6.0
99,395048,132,"Salem, OR",Msa,OR,27.0,22.0,17.0,13.0,14.0,15.0,17.0,17.0,18.0,19.0,24.0,32.0,41.0,37.0,30.0,22.0,20.0,23.0,23.0,24.0,26.0,27.0,33.0,39.0,45.0,40.0,28.0,19.0,16.0,16.0,15.0,12.0,14.0
100,394927,149,"Ocala, FL",Msa,FL,42.0,43.0,41.0,36.0,34.0,34.0,31.0,30.0,30.0,31.0,33.0,35.0,39.0,36.0,34.0,31.0,35.0,35.0,34.0,31.0,31.0,32.0,33.0,36.0,40.0,39.0,33.0,30.0,28.0,28.0,25.0,23.0,19.0
101,394602,159,"Fort Collins, CO",Msa,CO,26.0,19.0,12.0,8.0,8.0,8.0,10.0,13.0,22.0,28.0,35.0,37.0,41.0,36.0,32.0,24.0,27.0,21.0,18.0,16.0,21.0,26.0,29.0,32.0,28.0,23.0,12.0,11.0,10.0,13.0,11.0,11.0,11.0
102,394405,162,"Boulder, CO",Msa,CO,30.0,21.0,9.0,8.0,8.0,9.0,11.0,14.0,18.0,26.0,32.0,39.0,36.0,30.0,21.0,17.0,19.0,19.0,20.0,22.0,26.0,30.0,33.0,39.0,39.0,30.0,15.0,9.0,9.0,9.0,10.0,10.0,9.0
103,394471,172,"Clarksville, TN",Msa,TN,37.0,38.0,33.0,25.0,18.0,18.0,19.0,19.0,22.0,22.0,28.0,29.0,35.0,33.0,30.0,23.0,18.0,16.0,21.0,25.0,28.0,30.0,38.0,49.0,50.0,45.0,32.0,30.0,33.0,38.0,37.0,34.0,35.0
104,394645,177,"Greeley, CO",Msa,CO,18.0,14.0,9.0,7.0,7.0,9.0,10.0,13.0,16.0,20.0,25.0,33.0,34.0,29.0,19.0,15.0,16.0,15.0,16.0,13.0,16.0,18.0,20.0,23.0,20.0,16.0,10.0,8.0,8.0,9.0,8.0,7.0,7.0
105,394813,189,"Macon-Bibb County, GA",Msa,GA,53.0,48.0,38.0,28.0,25.0,26.0,26.0,29.0,26.0,29.0,26.0,28.0,34.0,33.0,29.0,19.0,19.0,22.0,24.0,30.0,35.0,36.0,41.0,40.0,46.0,37.0,32.0,24.0,25.0,22.0,21.0,19.0,17.0
106,394346,220,"Athens, GA",Msa,GA,44.0,38.0,27.0,23.0,25.0,31.0,30.0,32.0,32.0,36.0,37.0,43.0,45.0,43.0,32.0,28.0,26.0,25.0,26.0,26.0,32.0,34.0,41.0,41.0,45.0,39.0,35.0,27.0,26.0,28.0,27.0,27.0,26.0
107,394623,229,"Gainesville, GA",Msa,GA,33.0,31.0,25.0,17.0,16.0,18.0,20.0,24.0,24.0,28.0,28.0,31.0,34.0,33.0,32.0,24.0,21.0,19.0,19.0,24.0,25.0,30.0,29.0,38.0,44.0,46.0,36.0,25.0,23.0,28.0,30.0,29.0,23.0
108,395246,244,"Yuba City, CA",Msa,CA,31.0,27.0,23.0,14.0,11.0,12.0,13.0,17.0,21.0,25.0,29.0,28.0,28.0,21.0,17.0,11.0,10.0,11.0,12.0,14.0,15.0,16.0,18.0,22.0,21.0,19.0,13.0,12.0,13.0,13.0,10.0,8.0,7.0
109,395009,251,"Punta Gorda, FL",Msa,FL,32.0,34.0,38.0,36.0,38.0,41.0,42.0,41.0,36.0,33.0,28.0,26.0,31.0,37.0,48.0,50.0,54.0,52.0,48.0,44.0,37.0,36.0,34.0,35.0,40.0,40.0,41.0,35.0,39.0,42.0,39.0,30.0,21.0
110,395007,253,"Pueblo, CO",Msa,CO,24.0,35.0,31.0,29.0,18.0,18.0,20.0,20.0,25.0,29.0,38.0,44.0,43.0,39.0,29.0,24.0,16.0,13.0,19.0,23.0,33.0,36.0,44.0,48.0,39.0,36.0,24.0,,20.0,17.0,14.0,18.0,23.0
111,395094,331,"Sherman, TX",Msa,TX,41.0,32.0,34.0,28.0,32.0,42.0,38.0,35.0,28.0,39.0,45.0,52.0,54.0,48.0,40.0,34.0,36.0,39.0,39.0,39.0,42.0,45.0,47.0,51.0,59.0,66.0,58.0,47.0,39.0,38.0,37.0,33.0,33.0
112,394546,343,"Dunn, NC",Msa,NC,50.0,43.0,35.0,26.0,22.0,21.0,21.0,23.0,29.0,34.0,35.0,33.0,34.0,30.0,26.0,18.0,16.0,16.0,16.0,17.0,18.0,19.0,20.0,22.0,27.0,23.0,18.0,11.0,11.0,9.0,7.0,5.0,5.0
113,395166,383,"Truckee, CA",Msa,CA,53.0,41.0,30.0,19.0,18.0,17.0,18.0,22.0,31.0,39.0,46.0,46.0,47.0,44.0,38.0,32.0,27.0,24.0,24.0,29.0,35.0,41.0,42.0,45.0,47.0,40.0,30.0,26.0,24.0,26.0,17.0,14.0,9.0
114,395153,399,"The Villages, FL",Msa,FL,29.0,31.0,33.0,30.0,30.0,29.0,31.0,33.0,37.0,34.0,28.0,26.0,38.0,40.0,38.0,27.0,29.0,33.0,38.0,38.0,35.0,30.0,28.0,26.0,25.0,25.0,22.0,24.0,30.0,31.0,31.0,25.0,26.0
115,394586,504,"Faribault, MN",Msa,MN,,,49.0,32.0,26.0,24.0,18.0,21.0,26.0,34.0,42.0,51.0,57.0,56.0,48.0,38.0,28.0,23.0,25.0,29.0,31.0,32.0,36.0,48.0,53.0,48.0,32.0,22.0,18.0,20.0,22.0,21.0,19.0
116,394309,527,"Albemarle, NC",Msa,NC,53.0,51.0,40.0,26.0,17.0,16.0,17.0,19.0,26.0,28.0,34.0,38.0,39.0,32.0,21.0,16.0,13.0,16.0,21.0,24.0,22.0,19.0,17.0,19.0,19.0,22.0,21.0,20.0,18.0,15.0,14.0,14.0,12.0
117,394742,595,"Kerrville, TX",Msa,TX,70.0,51.0,73.0,63.0,74.0,49.0,49.0,37.0,47.0,48.0,44.0,41.0,44.0,58.0,54.0,57.0,49.0,51.0,55.0,50.0,53.0,54.0,62.0,62.0,73.0,63.0,55.0,39.0,54.0,63.0,61.0,58.0,60.0
118,395230,672,"Wilmington, OH",Msa,OH,,38.0,28.0,18.0,12.0,13.0,11.0,12.0,15.0,20.0,26.0,27.0,37.0,32.0,27.0,12.0,9.0,10.0,10.0,17.0,18.0,18.0,24.0,37.0,42.0,30.0,16.0,11.0,11.0,8.0,5.0,4.0,4.0
